Abel Torres,Donn Latour,Jeffrey G. Weaver,Jose Pena,Zeina Tannous,Vandana S. Nanda,Leslie Storey,Joseph Sedrak,Tejas Desai,Christine Moorhead,Jamison E. Strahan,Ilya Reyter,Rachel Epstein,Tanya Nino,Andrea Smith,Sailesh Konda,James L. Quertermous,,,,,,,,,,,,,,,,,,,,,,,,,
Alastair Carruthers,Lawrence Warshawski,Daniel Berg,James Langtry,Robert Burns,Shyamala Huilgol,Samireh Said,,,,,,,,,,,,,,,,,,,,,,,,,,,,,,,,,,,
Alexandra Zhang,Maren Locke,,Maren Locke,,,,,,,,,,,,,,,,,,,,,,,,,,,,,,,,,,,,,,
Alfred Kopf,,,,,,,,,,,,,,,,,,,,,,,,,,,,,,,,,,,,,,,,,
Algin B. Garrett,Mariana Phillips,Nicole Cote,Brent Spencer,Ian Maher,Mark P. Eid,Bryan Carroll,Kerry Lavigne,Brett Blake,John Mavropoulos,James D. Russell,Shields W. Callahan,Tassia C. Kostopoulos,,,,,,,,,,,,,,,,,,,,,,,,,,,,,
Alison Durham,,,,,,,,,,,,,,,,,,,,,,,,,,,,,,,,,,,,,,,,,
Allison T. Vidimos,Melissa E. McEnery-Stonelake,Matthew R. Clark,Christina Wong,Sean Condon,Eric C. Wilkerson,Melanie A. Clark,Jessica Kado,Chris Messana,Alok Vij,Charlene Lam,Razie Soltani Arabshahi,Jennifer Behner,,,,,,,,,,,,,,,,,,,,,,,,,,,,,
Ally-Khan Somani,Michael Kunz,,,,,,,,,,,,,,,,,,,,,,,,,,,,,,,,,,,,,,,,
Anna A. Bar,"Wayne Joseph Overman, II",Blake P. Sampson,Sarah Fitzmaurice,Spring Golden,Bridget Hartman,,,,,,,,,,,,,,,,,,,,,,,,,,,,,,,,,,,,
Anna A. Clayton,Summer Clark,Daniel L. Christiansen,Eric A. Millican,Jason G. Arnold,Jennifer M. Divine,Charles Darragh,,,,,,,,,,,,,,,,,,,,,,,,,,,,,,,,,,,
Anthony V. Benedetto,Daria M. Marley Kemp,Jason Schoenfeld,Jonathan Staidle,Michael Frank,Leonard Yale Kerwin,Abhishek Aphale,Khaled Hassan,Edward C. Monk,Matthew S. Petrie,Philippe Lafaille,Daniel Shurman,Otter Aspen,Stephen F. D’Addario,Anthony J. Papadopoulos,Michael S. Lehrer,Stephen Romagnolo,James Gardner Lahti,Alan T. Lewis,Andrew M. Herbst,Christopher M. Conti,,,,,,,,,,,,,,,,,,,,,
Arlene S. Rogachefsky,Adam J. Carter,Alexander Dane,Lilia Correa-Selm,Adriana Lombardi,Mary Pilche,Charles Lortie,Clem Kirkland,Payal Patel,Kristyna H. Lee,Rebecca Lu,,,,,,,,,,,,,,,,,,,,,,,,,,,,,,,
"Armand B. Cognetta, Jr.",Luke Hyder,Matthew T. Hoffmann,Conor Dolehide,Jeremy Sunseri,James Trimble,Kerry Fike,W. Harris Green,Molly Warthan,Earl Stoddard,Diane Reisinger,Hudson C. Rogers,Okanta Jackson,Suleman Bangash,Anthony J. Griess,Sultan A. Mirza,,,,,,,,,,,,,,,,,,,,,,,,,,
Barry Goldsmith,Brian Cook,,,,,,,,,,,,,,,,,,,,,,,,,,,,,,,,,,,,,,,,
Barry Leshin,Phillip M. Williford,Dania Tannir,Jeanette Hebel Matthews,Joe Wilde,Charles Bradie Toner,"Richard James, Jr.",,,,,,,,,,,,,,,,,,,,,,,,,,,,,,,,,,,
Bradley G. Merritt,Catherine Abbie Degesys,Michael C. Raisch,Ling-lun Bob Hsia,Patrick Retterbush,,,,,,,,,,,,,,,,,,,,,,,,,,,,,,,,,,,,,
Bradley K. Summers,Payam Tristani-Firouzi,,,,,,,,,,,,,,,,,,,,,,,,,,,,,,,,,,,,,,,,
Brett M. Coldiron,Michael A. Montuno,"Robert L. Skaggs, II",William S. Gillen,Jonathan J. Ledet,David A. Weinstein,Mondhipa Ratnarathorn,Laura Kline,Jennifer Cafardi,Matthew Donaldson,"John Starling, III",Maya Thosani,Howard W. Rogers,Natalie Bene,Eric Adelman,Patrick M. Killian,,,,,,,,,,,,,,,,,,,,,,,,,,
Brian Cook,David R. Carr,Jean-Christopher Lapiere,"Charles, E. Gambla",Kent J. Krach,Brian L. Johnson,Steven J. Goulder,Kurt Mueller,George Verghese,Kemka S. Ogburia,Pavan K. Nootheti,Johnathan Chappell,Neda Ashourian,Brandon Miner,,,,,,,,,,,,,,,,,,,,,,,,,,,,
Bruce R. Nelson,Keith E. Schulze,Phillip Cohen,Paul T. Martinelli,,,,,,,,,,,,,,,,,,,,,,,,,,,,,,,,,,,,,,
C. William Hanke,Jenna Wald,Laura Doerfler,Jennifer Tang,Cheryl Gustafson,Kathleen Viscusi,Anne Goldsberry,Michael K. Litchtman,Cynthia L. Bartus,William G. Stebbins,Emily Tierney,Ross M. Levy,Kelley Redbord,Aimee L. Leonard,J. Barton Sterling,David Clark,,,,,,,,,,,,,,,,,,,,,,,,,,
"Carl V. Washington, Jr.",David R. Lane,Angela Hutcheson,David Cowan,Vinh Q. Chung,Hari Nadiminti,Holly H. McCoppin,Ryan Wells,,,,,,,,,,,,,,,,,,,,,,,,,,,,,,,,,,
Carl Vinciullo,Simon C. Tucker,Amit K. Verma,David B. Francis,Harvey Smith,John Pagliaro,Suresh Chandra,Adam T. Sheridan,Todd P. Wiadrowski,Jeremy P. Banky,Todd Gunson,Paul Cherian,Arif Aslam,,,,,,,,,,,,,,,,,,,,,,,,,,,,,
Christian Murray,Kunle Onade,Danielle M. Waymire,Martin LeBlanc,Michael Stevens,Ilya Shoimer,Tai Phan,Erin Dahlke,Mélissa Nantel-Battista,Eiman Nasseri,Rodrigo Schwartz,,,,,,,,,,,,,,,,,,,,,,,,,,,,,,,
Christine M. Hayes,Kenny J. Omlin,Daihung V. Do,Emily J. Fisher,Marissa Heller,,,,,,,,,,,,,,,,,,,,,,,,,,,,,,,,,,,,,
Christopher Arpey,Marta J. Van Beek,Michael Messingham,Robert J. MacNeal,Christian L. Baum,,,,,,,,,,,,,,,,,,,,,,,,,,,,,,,,,,,,,
Christopher B. Harmon,Robert M. Gathings,"Randall L. Proctor, Jr.",Stanislav N. Tolkachjov,Jonathan Cappel,John C. Chapman,Daniel Skinner,Brian J. King,Adam Sperduto,Tarek Fakhouri,,,,,,,,,,,,,,,,,,,,,,,,,,,,,,,,
Christopher B. Zachary,Joshua Spanogle,Katharine L. Ball Arefiev,Whitney Hovenic,Kathryn Serowka Lane,Dina Farshidi Bierman,Brandon J. Coakley,Jeanne Franck,Girish S. Munavalli,Michele Pauporte,Simon S. Yoo,Ranna Rofagha Sajjadian,Anthony Petelin,,,,,,,,,,,,,,,,,,,,,,,,,,,,,
Christopher J. Miller,Kelly M. MacArthur,Mehul D. Bhatt,Eduardo Moioli,Ali Alexander Damavandy,Adam Perry,Thuzar Shin,Jeremy Etzkorn,Julia Tzu,,,,,,,,,,,,,,,,,,,,,,,,,,,,,,,,,
Christopher K. Bichakjian,Eran V. Chen,Jason M. Rizzo,Maria J. Quintanilla-Dieck,,,,,,,,,,,,,,,,,,,,,,,,,,,,,,,,,,,,,,
Chrysalyne D. Schmults,Dennis Kim,Paul Massey,Syril Keena Que,Emily Stamell Ruiz,Bichchau T. Nguyen,,,,,,,,,,,,,,,,,,,,,,,,,,,,,,,,,,,,
Conway C. Huang,Michael Slade Stratton,Iona Chapman,Carlton Phillips,Raj Patel,Thomas Jennings,Stephanie Walsh,James Keane,David Raimer,Raj Varma,,,,,,,,,,,,,,,,,,,,,,,,,,,,,,,,
Daniel B. Eisen,Daniel Michael,Hilda Justiniano,Tracy Campbell,Omar A. Ibrahimi,Rebecca Kleinerman,Stefani Kappel,Trenton Custis,Jayne Joo,Anne Zhuang,Milene K. Crispin,Lindsay R. Sklar,Steven E. Eilers,,,,,,,,,,,,,,,,,,,,,,,,,,,,,
Daniel Berg,Jennifer L. Reichel,Tamara S. Housman,Michelle Draznin,William Lear,Linda C. Chang,Jill McKenzie,Shayla Francis,Jonathan M. Olson,,,,,,,,,,,,,,,,,,,,,,,,,,,,,,,,,
Daniel Siegel,David Kriegel,C. Jason Chen,Aza Lefkowitz,Jessica J. Krant,Darren K. Mollick,Anthony Wong,Amor Khachemoune,Jeffrey Ellis,Laura Cepeda,Dennis Nguyen,Deborah Simon Zell,David Lee,Michael Jacobson,Theresa Cao,Andrea Hui,,,,,,,,,,,,,,,,,,,,,,,,,,
David Clark,David Gaston,Kevin J. Mott,,,,,,,,,,,,,,,,,,,,,,,,,,,,,,,,,,,,,,,
David E. Kent,Kayla L. McNiece,Anthony G. Yug,Joshua E. Lane,Robert G. Goodrich,Suneeta Walia,Jennifer M. Defazio,Keith M. Harrigill,Cylburn E. Soden,Daven Doshi,Elias Ayli,James Neiner,Ryan T. Rogers,Cory V. Trickett,Joseph Diehl,Alexander W. Kennon,Kayla L. McNiece,Sean McGregor,Weston B. Wall,,,,,,,,,,,,,,,,,,,,,,,
David H. Ciocon,Gian Vinelli,Tiffany Jow Libby,Adam Tinklepaugh,Zain Husain,,,,,,,,,,,,,,,,,,,,,,,,,,,,,,,,,,,,,
David J. Goldberg,Steven E. Eilers,Diana K. Cohen,Ellen S. Marmur,Arlene S. Rogachefsky,Chrysalyne D. Schmults,Michael Dale Sarradet,Snehal Amin,Amin Fazeli,Alexander Berlin,Yakov Dudelzak,Dendy Engelman,David H. Ciocon,Jennifer Chwalek,Zeena Al-Dujaili,Susan Bard,Margarita S. Lolis,Scott Dunbar,Neal D. Varughese,Marc Z. Handler,Jessica M. Donigan,Sarah Yagerman,,,,,,,,,,,,,,,,,,,,
David J. Leffell,Greg S. Morganroth,Mariam Totonchy,David Fitzgerald,Thomas McGovern,John A. Carucci,Ingrid Olhoffer,Sumaira Zareen Aasi,Samuel Ephraim Book,Suneel Chilukuri,Brent E. Pennington,Erin Welch,Julie Neville,Jared Scott,Kavita Mariwalla,Anetta Reszko,June Kim,Alicia Jean Cool,Sean Christensen,William Higgins,Jane Yoo,Yulia Khan,Kathleen C. Suozzi,Joshua Farhadian,,,,,,,,,,,,,,,,,,
David Kriegel,Christopher Dolan,Robert Bacigalupi,Adam Nabatian,Imran Amir,Ryan B. Turner,Joseph Doumit,,,,,,,,,,,,,,,,,,,,,,,,,,,,,,,,,,,
David M. Zloty,Joy Makdisi,Jennifer Baron,Justin Piasecki,Eduard Raklyar,Keith L. Duffy,Jillian A. Macdonald,Morgan Hott,Marie-Michele Blouin,Benvon Moran,Luiz Pantalena,Darum Singh,Julie Jefferson,Victoria Godinez-Puig,Daniel B. Eisen,,,,,,,,,,,,,,,,,,,,,,,,,,,
David R. Carr,Bridget McIlwee,Chase Scarbrough,Llana Pootrakul,,,,,,,,,,,,,,,,,,,,,,,,,,,,,,,,,,,,,,
David S. Becker,Carina Rizzo Bercovici,Molly Yancovitz,,,,,,,,,,,,,,,,,,,,,,,,,,,,,,,,,,,,,,,
Deborah F. MacFarlane,Ikue Shimizu,Quenby Erickson,Abdel Kader El Tal,Blanca Ochoa,Timothy Hansen,Jennifer Ranario,Kevin Christensen,Lara Rosenbaum,,,,,,,,,,,,,,,,,,,,,,,,,,,,,,,,,
Deborah Sarnoff,Kenneth Mark,Todd Robert Coven,,,,,,,,,,,,,,,,,,,,,,,,,,,,,,,,,,,,,,,
Desiree Ratner,Albert Chen,Matthew Halpern,Hillary Johnson,Kevin O'Bryan,Vishal Patel,Priya Mahindra,Mercy Odueyungbo,Nikki Tang,Elise Ng,Euphemia W. Mu,,,,,,,,,,,,,,,,,,,,,,,,,,,,,,,
Dirk Robertson,Keith D. Wright,Gregory P. Wittenberg,Darlene Johnson,James A. Rooney,Paula S. Vogel,Katarina Gabrielle Chiller,Julie S. Cronk,Saadia T. Raza,,,,,,,,,,,,,,,,,,,,,,,,,,,,,,,,,
Divya Srivastava,Sowmya Ravi,Eillen Luisa Ang Chen,Margaret Moye,Sean Marzolf,Ramin Fathi,Jessica Donigan,Jerry Smith,,,,,,,,,,,,,,,,,,,,,,,,,,,,,,,,,,
Donald J. Grande,Thomas Stasko,Desiree Ratner,Dany J. Touma,Scott Meyers,Tamara Lior,Andrew Montemarano,David Mezibish,Helen A. Raynham,Jared S. Friedman,John M. Strasswimmer,Steven Cronquist,Brandon M. Rhinehart,Christine Kannler,Robert Guardiano,Michael J. Yablonsky,Oliver Wisco,Gary Mendese,Jeffrey Lackey,,,,,,,,,,,,,,,,,,,,,,,
Dori Goldberg,Omar Badri,Riley McLean-Mandell,,,,,,,,,,,,,,,,,,,,,,,,,,,,,,,,,,,,,,,
Duane Whitaker,Christine M. Hayes,Christopher Arpey,Conway C. Huang,David A. Davis,Lawrence C. Chang,Daniel A. Davis,Fa Abigail (Gail) C. de Imus,Dane Christensen,Camille L. Mason,Jennifer Ang,Barry Leshin,Glenn D. Goldstein,Peter B. Odland,,,,,,,,,,,,,,,,,,,,,,,,,,,,
Edward L. Parry,Bryan L. Townsend,C. Drew Claudel,Maureen Mooney,Peter W. Simoneaux,Holly Ann Ward,Mark J. Doherty,Rachel Shane Reina,Stephen Mason,,,,,,,,,,,,,,,,,,,,,,,,,,,,,,,,,
Eli R. Saleeby,Sheila Farhang,Scott F. Lindsey,Devorah Shagalov,Alyx C. Rosen,Kelly Park,Drew Taylor,Mary Margaret Kober,Peter Mattei,Justin Rubin,Rachel Schleichert,Michael D. Lee,Kathryn Russell,Andrea Chen,Carlos Paz,Carlos Gomez-Meade,Jacqueline Thomas,Christopher M. Buckley,,,,,,,,,,,,,,,,,,,,,,,,
Ellen S. Marmur,Hooman Khorasani,Arnold Wu Che Lee,Kate Kleydman,,,,,,,,,,,,,,,,,,,,,,,,,,,,,,,,,,,,,,
Eva A. Hurst,Ethan Levin,Jessica N. Dietert,Shayna Gordon,Rod Mahmoudizad,Christopher Urban,Kimberly Brady,Kathleen M. Nemer,Benjamin Bogucki,,,,,,,,,,,,,,,,,,,,,,,,,,,,,,,,,
Faramarz H. Samie,Juliya Fisher,Dan C. Filitis,Lindsey Collins,,,,,,,,,,,,,,,,,,,,,,,,,,,,,,,,,,,,,,
Frank Koranda,Donald J. Grande,,,,,,,,,,,,,,,,,,,,,,,,,,,,,,,,,,,,,,,,
Franklin P. Flowers,Hamad Al-Abdulrazzaq,William L. Fangman,"Thomas Breza, Jr.",Frances K. Lawhead,Michael Osleber,Bianca Lemos,,,,,,,,,,,,,,,,,,,,,,,,,,,,,,,,,,,
Frederic Mohs,Michael W. McCall (Sr.),Perry Robins,R. R. Allington,Alfred Kopf,John A. Zitelli,Philip L. Bailin,Theodore A. Tromovitch,"Hubert T. Greenway, Jr.",Gary D. Monheit,George J. Hruza,Eli R. Saleeby,Stephen N. Snow,Roger I. Ceilley,Paul O. Larson,Frank Koranda,Duane Whitaker,Gary Lask,"J. Ramsey Mellette, Jr.",Pearon G. Lang,Barry Goldsmith,,,,,,,,,,,,,,,,,,,,,
"Frederick Fish, III",Jeffrey A. Squires,Jane Lisko,Jeffrey K. Lander,,,,,,,,,,,,,,,,,,,,,,,,,,,,,,,,,,,,,,
Gary D. Monheit,Tony Adar,Todd V. Cartee,Nathalie Zeitouni,"Armand B. Cognetta, Jr.",Christopher B. Harmon,Anir Dhir,"William H. Burrow, III",Mark A. Chastain,John D. Kayal,Michael L. Hadley,Stephen D. Antrobus,Betty A. Hinderks Davis,Adam C. Esser,Ross Campbell,Chad Prather,Jens Thiele,Daniel I. Wasserman,Natalie Curcio,Keith LeBlanc Jr.,Virginia Koubek,James Highsmith,Bailey Tayebi,Judah Greenberg,Randall C. Rougelot,Franklin P. Flowers,,,,,,,,,,,,,,,,
Gary Lask,Patrick K. Lee,Kathleen Eshr,Jenny J. Kim,Teresa Soriano,"Frederick Beddingfield, III",Anand Raja Bhupathy,Malcolm S. Ke,Joseph Greco,Dafnis Carranza,David Beynet,Andrew Nelson,Todd Becker,Jenny Hu,Nima Gharavi,Cameron Chesnut,Andrew Breithaupt,Stephanie Martin,Sabrina Martin,Lina Rodriguez,,,,,,,,,,,,,,,,,,,,,,
Gary S. Rogers,Edward A. Gross,Kristina A. Holmkvist,Daniel Finn,Jon Ter Poorten,Michael A. Trauner,Stephanie Margaret Braun,Niels Krejci-Papa,Dennis Lee,Juliet L. Gunkel (Aylward),Ayad E. Abrou,Ross Zeltser,Linh Lu,Deborah Cummins,,,,,,,,,,,,,,,,,,,,,,,,,,,,
George J. Hruza,Susana Leal-Khouri,Larisa C. Kelley,Nicholas J. Golda,Ramona Behshad,Teri Cottingham,Lisa Airan,Shobana Sood,Christie Ammirati,Elizabeth Spenceri,Joseph M. Giancola,Brent A. Shook,Brent R. Moody,Jennifer L. Linder,Julia Ho,Mark Abdelmalek,Suzannah L. Collier,Laura Rosenzweig,Michelle L. Pennie,Utpal Patel,,,,,,,,,,,,,,,,,,,,,,
Glenn D. Goldman,Kathryn Potter,Melissa Pugliano-Mauro,Todd E. Holmes,Angela Casey,Mark Krasny,Christopher B. Yelverton,Ani Tjiarian,Vanessa C. Lichon,Aelayna Meyer,Nicole Howe,Kendra Lesiak,David L. Chen,Matthew R. LeBoeuf,Yoav C. Metzger,,,,,,,,,,,,,,,,,,,,,,,,,,,
Glenn D. Goldstein,Robert Beer,Aaron K. Joseph,Patricia Carroll,Clarence W. Brown,Shawn R. Sabin,Mark A. Cohen,Theodore J. Giuffrida,Mark H. Fleischman,Steven M. Marcet,Jamie McGinness,Karen Neubauer,Robyn Wetter,Sheldon Sebastian,Chad Housewright,Jessica Scruggs Dorsey,,,,,,,,,,,,,,,,,,,,,,,,,,
Greg S. Morganroth,Anna A. Bar,Hanspaul Singh Makkar,Aradhna Saxena,Cathy Macknet,Rafael Schulze,Brian Somoano,Joanna L. Chan,,,,,,,,,,,,,,,,,,,,,,,,,,,,,,,,,,
Harry L. Parlette,Malika Tuli,Julia Padgett,,,,,,,,,,,,,,,,,,,,,,,,,,,,,,,,,,,,,,,
Heidi B. Donnelly,Paul J. Gruber,Shannon P. Buck,Ali Rkein,Zain U. Syed,Joseph Blackmon,Anis Miladi,Brian Pucevich,Ruchik S. Desai,Ravi S. Krishnan,Richard Krathen,Thomas G. Lewis,Arianne E. Chavez-Frazier,"Joseph McGowan, IV",Susan L. Boone,Jason Litak,Nichelle K. Madden,David J. Surprenant,,,,,,,,,,,,,,,,,,,,,,,,
Hooman Khorasani,Matthew J. Lin,Richard Torbeck,Daniel Bernstein,,,,,,,,,,,,,,,,,,,,,,,,,,,,,,,,,,,,,,
"Hubert T. Greenway, Jr.","Frederick Fish, III",Edward L. Parry,David E. Kent,Thomas K. Barlow,Benjamin F. Kelley,Michael Zumwalt,Travis W. Blalock,John E. Vine,Cynthia Peterson,Elizabeth Shim,Daniel Zelac,Craig Williams Naugle,Kurt L. Maggio,Brian Norman Streams,Shanna B. Meads,John Hancox,Joy Twersky,Nicole M. Annest,Seaver Soon,Peter Shumaker,Michael Swann,Peggy Chern,Danielle Moul,Yang Xia,Rachael L. Moore,Chad Tingey,Yue (Emily) Yu,Douglas Winstanley,Lee Miller,Vineet Mishra,Brent Taylor,Ashley Wysong,Michael Graves,Courtney Green,Daniel Jensen,Hubert Chodkiewicz,Srimanasi Javvaji,Jonathan Zumwalt,Lark G. Guss,William J. Tidwell,Adam V. Sutton
Hugh M. Gloster,Genevieve Fortier-Riberdy,Saif Uddin Syed,"Kenneth W. Neal, Jr.",Michelle Pipitone,Ann Neff,Erica Mailler-Savage,Adam Ingraffea,Soon You Kwon,Laurel Leithauser,Lauren E. Dubas,,,,,,,,,,,,,,,,,,,,,,,,,,,,,,,
Ian Maher,Michael W. Pelster,Adam R. Mattox,,,,,,,,,,,,,,,,,,,,,,,,,,,,,,,,,,,,,,,
Ida Orengo,Janna Nunez-Gussman,Luke Bloomquist,Jodi S. Markus,Joseph Janik,Aleda Jacobs,Deborah Jin Yang,Kerri Robbins,Leigh Sutton,,,,,,,,,,,,,,,,,,,,,,,,,,,,,,,,,
Ikue Shimizu,Jacqueline Guidry,,,,,,,,,,,,,,,,,,,,,,,,,,,,,,,,,,,,,,,,
J. Michael Wentzell,Joseph Cvancara,"Gerald E. Peters, Jr.",Bradley K. Draper,Jared Lund,,,,,,,,,,,,,,,,,,,,,,,,,,,,,,,,,,,,,
"J. Ramsey Mellette, Jr.",Misha Miller,Franki Lambert Smith,Mariah R. Brown,Brett Matheson,Dieter K.T. Schmidt,Parwathi ‘Uma’ Paniker,Steve T. Spates,James T. Chapman,Diana Ho,Michael Shapiro,Wirt A. Hines,Kimberly L. Maino,George R. Nichols,Jonathan L. Bingham,Alisa A. Funke,Renata Oliveira,,,,,,,,,,,,,,,,,,,,,,,,,
Jacob S. Lo,Chang Y. Cho,,,,,,,,,,,,,,,,,,,,,,,,,,,,,,,,,,,,,,,,
James D. Whalen,Anthony J. Chiaravalloti,Sphoorthi Jinna,Breton Yates,Kenneth J. Galeckas,Logan D'Souza,William D. Holmes,,,,,,,,,,,,,,,,,,,,,,,,,,,,,,,,,,,
Jenny J. Kim,Eric Sako,,,,,,,,,,,,,,,,,,,,,,,,,,,,,,,,,,,,,,,,
Jeremy Kampp,Janet Y. Li,David Pate,,,,,,,,,,,,,,,,,,,,,,,,,,,,,,,,,,,,,,,
Jeremy S. Bordeaux,Christopher R. Stamey,Jeffrey Scott,Rachel Redenius,Jennifer DePry,,,,,,,,,,,,,,,,,,,,,,,,,,,,,,,,,,,,,
Jerry D. Brewer,Logan M. Skelley,,,,,,,,,,,,,,,,,,,,,,,,,,,,,,,,,,,,,,,,
Jessica Fewkes,David S. Becker,Ida Orengo,Jerome D. Fallon,Steven Oberlender,Timothy K. Chartier,Suzanne Olbricht,,,,,,,,,,,,,,,,,,,,,,,,,,,,,,,,,,,
Stuart J. Salasche,David S. Becker,Ida Orengo,Jerome D. Fallon,Steven Oberlender,Timothy K. Chartier,Suzanne Olbricht,,,,,,,,,,,,,,,,,,,,,,,,,,,,,,,,,,,
Joel Cook,Ivy I. Norris,Carin Litani,Gary S. Chuang,Matthew J. Mahlberg,Robert Sage,Tracey Newlove,Stanley Tyler Hollmig,Joshua Trufant,Anastasia V. Bassis,Michael Kelly-Sell,,,,,,,,,,,,,,,,,,,,,,,,,,,,,,,
John A. Carucci,Theresa Canavan,Adam B. Blechman,Agnieszka Thompson,Mary Stevenson,Jesse Lewin,Earl E. Bain,Lindsay McGuire,Tobechi L. Ebede,,,,,,,,,,,,,,,,,,,,,,,,,,,,,,,,,
John A. Zitelli,Ryan B. Thorpe,Joel Cook,David H. Frankel,Ronald L. Moy,Vincent C. Hung,Daniel J. Wolf,Julia B. Sabetta,Robert A. Buzzell,Michael J. Fazio,Ryan O'Quinn,Geoffrey F.S. Lim,Tracy Bramlette,Patrick Sniezek,Bradley G. Merritt,Michael R. Campoli,Oliver Perez,Patrick Ellison,Mac Machan,Bradley Greenhaw,Amanda Tschetter,David Panther,,,,,,,,,,,,,,,,,,,,
David G. Brodland**,Ryan B. Thorpe,Joel Cook,David H. Frankel,Ronald L. Moy,Vincent C. Hung,Daniel J. Wolf,Julia B. Sabetta,Robert A. Buzzell,Michael J. Fazio,Ryan O'Quinn,Geoffrey F.S. Lim,Tracy Bramlette,Patrick Sniezek,Bradley G. Merritt,Michael R. Campoli,Oliver Perez,Patrick Ellison,Mac Machan,Bradley Greenhaw,Amanda Tschetter,David Panther,,,,,,,,,,,,,,,,,,,,
John G. Albertini,Jason Hansen,Darryl Hodson,Nicholas B. Countryman,,,,,,,,,,,,,,,,,,,,,,,,,,,,,,,,,,,,,,
John Gerwels,Glen M. Bowen,,,,,,,,,,,,,,,,,,,,,,,,,,,,,,,,,,,,,,,,
John L. Ratz,Julio Hernandez,Isaac Perez,Christopher M. Peterson,Christopher B. Kruse,,,,,,,,,,,,,,,,,,,,,,,,,,,,,,,,,,,,,
Joseph Alcalay,Ronen Alkalay,Hagai Landov,Maya Sinai,,,,,,,,,,,,,,,,,,,,,,,,,,,,,,,,,,,,,,
Juliet L. Gunkel (Aylward),Rebecca Larson,Julia Kasprzak,Whitney Fancher,Marc A. Stees,Mariam Mafee,,,,,,,,,,,,,,,,,,,,,,,,,,,,,,,,,,,,
June Robinson,Brett M. Coldiron,,,,,,,,,,,,,,,,,,,,,,,,,,,,,,,,,,,,,,,,
Kent J. Krach,Veronica L. Rutt,Jennifer Vermeesch,,,,,,,,,,,,,,,,,,,,,,,,,,,,,,,,,,,,,,,
Kishwer S. Nehal,Thomas S. Bander,Tatyana Petukhova,Cerrene N. Giordano,Emily Newsom,Karen Connolly,Rajiv Nijhawan,Saud Aleissa,Anthony Rossi,,,,,,,,,,,,,,,,,,,,,,,,,,,,,,,,,
Larisa C. Kelley,Monika Srivastava,Priya Sambandan,,,,,,,,,,,,,,,,,,,,,,,,,,,,,,,,,,,,,,,
Lawrence Warshawski,Joel Cohen,Jimmy Alain,Daniel Brian Eisen,Christian Murray,Bryce John Cowan,Robert C. Hayes,,,,,,,,,,,,,,,,,,,,,,,,,,,,,,,,,,,
Leonard H. Goldberg,Joseph Alcalay,Mario V. Mitkov,Murad Alam,Deborah F. MacFarlane,Daniel Siegel,Hiram A. Ruiz,Robin Friedman-Musicante,Erin S. Gardner,Samuel Ray Peterson,Arash Kimyai-Asadi,Daniel S. Behroozan,Steven Q. Wang,Justin Vujevich,Adam Mamelak,Bahar Firoz,Irene Vergilis-Kalner,Aton M. Holzer,Michael Loosemore,Adisbeth Morales,Farah Awadalla,Camile Hexsel,Anna Drosou,Diane Trieu,Salar Hazany,Andrew Styderek,Keyan Matinpour,Chetan Vedvyas,Marc Rubenzik,Wesley Wu,Young Kwak,David Wright,James L. Griffith,Seth L. Matarasso,Dan H. Meirson,Michael K. Burns,Robert V. Kolbusz,Hoang N. Pham,Tatyana R. Humphreys,Brooke A. Jackson,,
Leonard M. Dzubow,Glenn D. Goldman,Scott Fosko,Thomas E. Rohrer,Jonathan Cook,Libbyette Wright,Gwen Beard,Eyal Levit,Todd Knapp,Elisa Yoo,Rebecca W. Lambert,Heidi B. Donnelly,,,,,,,,,,,,,,,,,,,,,,,,,,,,,,
Michael Dale Sarradet,Mary Alice Mina,Sasha Jenkins,Maren Cotes,,,,,,,,,,,,,,,,,,,,,,,,,,,,,,,,,,,,,,
Marc D. Brown,Jennifer Cooper,Carrine A. Burns,Sherry Henderson,Lance Henry,,,,,,,,,,,,,,,,,,,,,,,,,,,,,,,,,,,,,
Mariah R. Brown,Eileen L. Axibal,Dominic Ricci,Melanie Wong,Jessica Olander,Emily Wong,,,,,,,,,,,,,,,,,,,,,,,,,,,,,,,,,,,,
Mark R. Balle,Mark R. Pomaranski,,,,,,,,,,,,,,,,,,,,,,,,,,,,,,,,,,,,,,,,
Marta J. Van Beek,Stephen L. Vance,Lisa R. Chastant,Pooja Chitgopeker,Sogyong Auh,Nkanyezi Ferguson,,,,,,,,,,,,,,,,,,,,,,,,,,,,,,,,,,,,
Mary E. Maloney,Nathaniel J. Jellinek,Dori Goldberg,Mark Jones,Michael D. Long,Jeanette Pitts,Kenneth H. Katz,Christine E. Correale,Summer Youker,Susan Sweeney,Sean Pattee,Jeremy S. Bordeaux,David Geist,Jason D. Givan,Seema Sheth,David Judy,Elizabeth Foley,Jennifer M. Walker,Amanda Robinson,Luke Nicholas,James P. Bota,,,,,,,,,,,,,,,,,,,,,
Melissa Pugliano-Mauro,Lauren Ogrich,Kristin P. Bibee,Joshua W. Hagen,,,,,,,,,,,,,,,,,,,,,,,,,,,,,,,,,,,,,,
Michael L. Ramsey,Jake D. Fagan,David C. Adams,Heather S. Larabee,Lisa Campbell,Lindsay D. Sewell,Lance Wood,Elizabeth Noble,Faith Whalen,Steven Peine,Jesse Howell,Kyle Prickett,Elizabeth Chase,Nicole Warner,Andrew C. Hankinson,Alison M. Spiker,Karin Eshagh,Rebecca K. Jacobson,Jennifer Brooks,Cassondra Ellison,Robert B. Steele,Nicholas Sebes,,,,,,,,,,,,,,,,,,,,
Michael R. Migden,Saqib R. Ahmed,Erik Petersen,Waqas R. Shaikh,,,,,,,,,,,,,,,,,,,,,,,,,,,,,,,,,,,,,,
Michael W. McCall (Sr.),David Bertler,Brian J. Williams,Timothy S. Brown,Brian Fabian,Andrew Lian-Jie Li,Ronald Maynard Mann,Thomas James Braza,John Chen,Maralyn B. Seavolt,Johnathan C. Edge,Purvisha Patel,Courtney Woodmansee,Andrew Kalajian,Michael Hinckley,Jane Unaeze,,,,,,,,,,,,,,,,,,,,,,,,,,
Murad Alam,Rachel Kyllo,Anjali Butani,Douglas A. Fife,Misbah H. Khan,Diana Bolotin,Melanie Warycha,Kapila Paghdal,Kira Minkis,Meghan Dubina,Abigail Waldman,Brian Petersen,Farhaad R. Riyaz,,,,,,,,,,,,,,,,,,,,,,,,,,,,,
Naomi Lawrence,Deirdre M. Connolly,Matthew Belcher,Ashley Decker,Min Deng,Ryan Johnson,Christie Regula,Austin Liu,Thomas Regan,Aerlyn G. Dawn,Kathleen M. Rossy,Shari Nemeth,Jason Marquart,Ryan W. Ahern,Marc D. Glashofer,,,,,,,,,,,,,,,,,,,,,,,,,,,
Nathalie Zeitouni,Faramarz H. Samie,David H. Najarian,Frank Q. Zhan,Leonid Izikson,Novie Sroa,Craig Miller,Joseph Housel,,,,,,,,,,,,,,,,,,,,,,,,,,,,,,,,,,
Nathaniel J. Jellinek,Julia O. Baltz,Brienne Cressey,Brett Miller,Thomas Knackstead,Ashlynne Harris Clark,Nicole Velez,Alyssa Findley,Katharine Cordova,,,,,,,,,,,,,,,,,,,,,,,,,,,,,,,,,
Neil A. Swanson,Christopher B. Zachary,David M. Zloty,Marc D. Brown,Victoria Sharon,Justin Leitenberger,Iren Kossintseva,Timothy M. Johnson,Ken Lee,William Delgado,Sandeep Varma,Han Ne Lee,Annalisa Gorman,Khosrow Mark Mehrany,Weiman Katherine Hu,Valencia D. Thomas,Andrea Willey,Juan-Carlos Martinez,Scott Isenhath,Joseph F. Sobanko,Nicholas R. Snavely,Whitney Tope,Roy C. Grekin,David J. Leffell,"R. Stan Taylor, III",,,,,,,,,,,,,,,,,
Nicholas J. Golda,Michael Saco,Brandon Merrill,Alison Basak,Nita Kohli,Brandon Brown,,,,,,,,,,,,,,,,,,,,,,,,,,,,,,,,,,,,
Patrick K. Lee,Zhe Hou,Melissa Shive,,,,,,,,,,,,,,,,,,,,,,,,,,,,,,,,,,,,,,,
Paul J.M. Salmon,Junie Li Chun Wong,Neil Mortimer,S. Walayat Hussain,Juber Hafiji,Eugene Tan,Suyin Ong,Rami Hamadeh El-Khayat,Toby G. Nelson,,,,,,,,,,,,,,,,,,,,,,,,,,,,,,,,,
Paul O. Larson,Mohammed Bagheri,,,,,,,,,,,,,,,,,,,,,,,,,,,,,,,,,,,,,,,,
Pearon Lang,Carla R. Retief,Rajiv Kwatra,Basil Cherpelis,Richard S. Lewis,Matthew R. Ricks,Martin Allen Braun,James O. Barlow,Marisa A. Braun,Brian Leach,,,,,,,,,,,,,,,,,,,,,,,,,,,,,,,,
Perry Robins,Sheldon V. Pollack,David J. Goldberg,Kishwer S. Nehal,Roy G. Geronemus,Richard G. Bennett,Willis Cottel,Leonard H. Goldberg,Leonard M. Dzubow,Keyvan Nouri,Marina Kuperman,Shang I. Brian Jiang,Elizabeth K. Hale,Sherry Hsiung,Ritu Saini,June Robinson,Rex Amonette,Carl Vinciullo,Deborah Sarnoff,,,,,,,,,,,,,,,,,,,,,,,
Peter B. Odland,Satori Iwamoto,,,,,,,,,,,,,,,,,,,,,,,,,,,,,,,,,,,,,,,,
Peter K. Lee,Nikoo Cheraghi,Bart T. Endrizzi,Theresa L. Ray,Sarah Schram,Karl Vance,Hilary Reich,Angela Aakhus,Elisabeth Hurliman,Nikoo Cheraghi,,,,,,,,,,,,,,,,,,,,,,,,,,,,,,,,
Philip L. Bailin,Algin B. Garrett,"Raymond G. Dufresne, Jr.",Parrish Sadeghi,Allison T. Vidimos,Ally-Khan Somani,Randall K. Roenigk,Paul X. Benedetto,Anthony V. Benedetto,Briana Heniford,"Robert Marsico, Jr.",Wilber Huang,Jon C. Meine,Michael R. Warner,Christine Marie P. Lopez,Rebecca Clare Tung,Howard Fein,Sharon Longshore Thornton,Justin G. Woodhouse,Larry Trost,Sara Jurado,Matthew Molenda,C. William Hanke,John L. Ratz,Alexandra Zhang,,,,,,,,,,,,,,,,,
Phillip M. Williford,Jessica A. Savas,Katherine Kerchner,Daniel J. Pearce,,,,,,,,,,,,,,,,,,,,,,,,,,,,,,,,,,,,,,
R. R. Allington,,,,,,,,,,,,,,,,,,,,,,,,,,,,,,,,,,,,,,,,,
"R. Stan Taylor, III",Jenny Nelson,Divya Srivastava,Roberta D. Sengelmann,Bertha Linn,Jeffrey E. Petersen,Long Quan,Sarah B. Weitzul,Paula K. Lapinski,Aleksandar L.J. Krunic,William Posten,Andrew L. Kaplan,Raj Mallipeddi,Gregory Fulchiero,Edward Upjohn,Michael Wells,David T. Harvey,Mohsin R. Mir,Michael A. Sorace,Steven Richardson,Faith Stewart,William Black,Gunjan M. Modi,Christopher T. Burnett,Brent Taylor,Sarah J. Felton,Todd W. Mollet,William H. Black,,,,,,,,,,,,,,
Raj Mallipeddi,Bonnie Clowance Swan,,,,,,,,,,,,,,,,,,,,,,,,,,,,,,,,,,,,,,,,
Ramona Behshad,Nicholas Frank,,,,,,,,,,,,,,,,,,,,,,,,,,,,,,,,,,,,,,,,
Randall K. Roenigk,Hugh M. Gloster,Adam R. Schmitt,Naiara S. Barbosa,Anna Bianca Stashak,Jonathan J Lopez,Jason R. Castillo,Tri H. Nguyen,Katherine Lim Quan,Michael Lutz,David R. Byrd,Elizabeth F. Callahan,Jaeyoung Yoon,Leslie Jayne Christenson,Benjamin A. Solky,David Appert,Gina Ang,Mary Amanda Jacobs,Jerry D. Brewer,An-Wen Chan,Kevan G. Lewis,Tina Tarantola,Robert Cook-Norris,Jeremy Youse,Kattie Allen,Michael Colgan,Richelle Knudson,Kurtis Reed,Phillip Hochwalt,Thomas Hocker,Kevin Gardner,Garrett Lowe,Adam C. Wright,Michael B. Chang,James Twede,Daniel Winchester,Nahid Vidal,Kathrine Lin,,,,
"Raymond G. Dufresne, Jr.",Clifford Perlis,Robert Willard,Siobhan C. Collins,Jacob H. Bauer,Kyung Hee Chang,Antonio P. Cruz,Steven Altmayer,James D. Whalen,,,,,,,,,,,,,,,,,,,,,,,,,,,,,,,,,
Rex Amonette,Stuart J. Salasche,Matthew K. Kagy,John D. Huber,Amy Amonette Huber,,,,,,,,,,,,,,,,,,,,,,,,,,,,,,,,,,,,,
Richard F. Wagner,Josh A. Hammel,Jason M. Hirshburg,Cedar H. Malone,,,,,,,,,,,,,,,,,,,,,,,,,,,,,,,,,,,,,,
Richard G. Bennett,Jennifer Alicia Ledon,Christine M. Shaver,Sam Bremmer,Jeremy C. Davis,Erik Cabral,Hina Ahmad,Joseph K. Francis,Jamie E. McInturff,Sandra E. Bendeck,Steve Chow,Michael Chen,Kelly M. Bickle,Adam Rotunda,Muba Taher,Alysa R. Herman,Hazem Mohamed El-Gamal,Manish J. Gharia,David Ming Fung Kao,Carl Schanbacher,Carmen Mansilla,Robert Demetrius,Niyom Tantikun,,,,,,,,,,,,,,,,,,,
Robert A. Buzzell,Kristen J. Townley,Clay Scott Baker,Aaron A. Westphal,Tom Langei,Chad Sukut,Julia Reid,,,,,,,,,,,,,,,,,,,,,,,,,,,,,,,,,,,
Robert D. Paver,Tasman Lipscome,Duncan Stanford,Karyn R. Lun,Andrew Satchell,Michael Lee,,,,,,,,,,,,,,,,,,,,,,,,,,,,,,,,,,,,
Roberta D. Sengelmann,Shawn B. Allen,Stacey Tull,Bradley Kovach,,,,,,,,,,,,,,,,,,,,,,,,,,,,,,,,,,,,,,
Roger I. Ceilley,Stewart W. West,Hobart Walling,Gregory Persichetti,T.J. Matzke,John C. Perrotto,Josh Wilson,Brian A. Kopitzki,Albert Earl Rivera,Jennifer LaRusso,,,,,,,,,,,,,,,,,,,,,,,,,,,,,,,,
Ronald J. Siegle,Bradley K. Summers,Sharon Hrabovsky,Daniel D. Witheiler,Brian P. Biernat,Heather Loesch,Daniel I. Zivony,Jeannine M. Stein,Liana Proffer,Peter Seline,Liliana Saap,David Carlisle,Sheetal Mehta,Aaron Cetner,Aaron M. Bruce,Christopher W. Weyer,,,,,,,,,,,,,,,,,,,,,,,,,,
Ronald L. Moy,Brian Bucalo,Gregg M. Menaker,Mary Christian,Hayes Gladstone,Victor Neel,David Wrone,Walter Nahm,Jean-Francois Tremblay,Edgar F. Fincher,Diego E. Marra,David Kouba,K. Wade Foster,Jeremy Kampp,Lisa Chipps,,,,,,,,,,,,,,,,,,,,,,,,,,,
Roy C. Grekin,Siegrid S. Yu,Gregor Wahl,Kirsten Vin Christian,Habib Kurwa,Min-Wei Christine Lee,Kathleen Herne,Mariusz J.A. Sapijaszko,Melissa Babcock,Kelly Jerstad,Matthew Zipoli,Isacc M. Neuhaus,Sachin S. Bhardwaj,Eva A. Hurst,Murray Adrian Cotter,Jennifer Fu,Christopher V. Crosby,Sherrif F. Ibrahim,Andreas Boker,Nancy H. Kim,,,,,,,,,,,,,,,,,,,,,,
Roy G. Geronemus,Hao Feng,Leonard J. Bernstein,Stephen O. Kovacs,Wendy Lou,Paul M. Friedman,Erick A. Mafong,Laurie G.S. Jacobson,Karen Kim,Galen H. Fisher,Anne M. Chapas,Kavitha Reddy,Jeremy Brauer,Yoon-soo C. Bae,Bradley Bloom,Julia Neckman,Daniel Belkin,Hana Jeon,,,,,,,,,,,,,,,,,,,,,,,,
Russell Akin,Ashley Sturgeon,,,,,,,,,,,,,,,,,,,,,,,,,,,,,,,,,,,,,,,,
Shang I. Brian Jiang,Nayoung Lee,Swati Kannan,​Jennifer T. Hau,Robert Eilers,​Ashley G. Rubin,​Arisa Ortiz,Michael Hamman,Gagik Oganesyan,Hien Thanh Tran,Julie Akiko Gladsjo,Jonathan S. Smith,​Emily de Golian,,,,,,,,,,,,,,,,,,,,,,,,,,,,,
Satori Iwamoto,Miaoyuan M. Wang,Robert Fischer,Sean McElligott,Renato Goreshi,Douglas Heiner,Jeffrey B. Tiger,Francis Hsiao,Heidi Anderson-Dockter,Liliana Saap,,,,,,,,,,,,,,,,,,,,,,,,,,,,,,,,
Scott Dinehart,James Connors,Manish Khanna,Steve L. Peterson,Randall Breau,Sanjay Bhambri,Jennifer Tromberg,,,,,,,,,,,,,,,,,,,,,,,,,,,,,,,,,,,
Scott Fosko,Jordan Slutsky,M. Laurin Council,Joshua Tournas,Susan Butler,Brian Baker,Erin Allen,Evan Jones,Paul Bowman,,,,,,,,,,,,,,,,,,,,,,,,,,,,,,,,,
Sheldon V. Pollack,Gary S. Rogers,Jessica Fewkes,"Carl V. Washington, Jr.",Scott Dinehart,Ronald J. Siegle,,,,,,,,,,,,,,,,,,,,,,,,,,,,,,,,,,,,
Siegrid S. Yu,Lance Chapman,Tiffany L. Tello,Caitlin G. Robinson,Drew Saylor,"William Sipprell, III",Kelly Griffith-Bauer,Jing Gill,Sandra Han,Zaineb Makhzoumi,Bishr Al Dabagh,Ravinder Gogia,Jennifer Hermann,Michelle Levender,Jacqueline Berliner,Harjot Maan,Conroy Chow,Ekama Carlson,Bryan Sofen,Timothy W. Chang,,,,,,,,,,,,,,,,,,,,,,
Stephen N. Snow,Jacob S. Lo,Howard Oriba,Anya Landeck,David Madjar,Ellen Gordon,David B. Sable,Frank Saporito,Daniel Stewart,Regina Yavel,Humza Ilyas,Yaohaui (Gloria) Xu,Rosemarie Liu,Andrew M. Swanson,,,,,,,,,,,,,,,,,,,,,,,,,,,,
Steven A. Proper,Andrew Jaffe,Attica C. Chang,Nadia S. Urato,Supriya Tomar,Ashraf M. Hassanein,Zheng Qian,Andrew P. Kontos,,,,,,,,,,,,,,,,,,,,,,,,,,,,,,,,,,
Steven S. Greenbaum,Sabatino Ciatti,Minh-Ngoc Dang,Noah Kawika Weisberg,Karen Rebecca Suchin,,,,,,,,,,,,,,,,,,,,,,,,,,,,,,,,,,,,,
Susana Leal-Khouri,Sarah E. Grummer,Saira B. Momin,,,,,,,,,,,,,,,,,,,,,,,,,,,,,,,,,,,,,,,
Suzanne Olbricht,Nanette Kwon,Beatrice Berkes,Subhadra Shah,Mollie MacCormack,Priya Zeikus,Jorge Garcia-ZuaZaga,J. Suzanne Mosher,Navid Bouzari,Kristina Collins,Michelle Henry,Bassel H. Mahmoud,Laura Kathryn Butler,Su Luo,Laura Sowerby,Jonathan Weiss,,,,,,,,,,,,,,,,,,,,,,,,,,
Theodore A. Tromovitch,Alastair Carruthers,Steven S. Greenbaum,Neil A. Swanson,Abel Torres,John Skouge,Seth Matarasso,Robert D. Paver,Dirk Robertson,Carie Chui,Jeffrey Eaton,Albert Peng,Girish S. Munavalli,Mary E. Maloney,,,,,,,,,,,,,,,,,,,,,,,,,,,,
Richard G. Glogau*,Alastair Carruthers,Steven S. Greenbaum,Neil A. Swanson,Abel Torres,John Skouge,Seth Matarasso,Robert D. Paver,Dirk Robertson,Carie Chui,Jeffrey Eaton,Albert Peng,Girish S. Munavalli,Mary E. Maloney,,,,,,,,,,,,,,,,,,,,,,,,,,,,
Samuel J. Stegman*,Alastair Carruthers,Steven S. Greenbaum,Neil A. Swanson,Abel Torres,John Skouge,Seth Matarasso,Robert D. Paver,Dirk Robertson,Carie Chui,Jeffrey Eaton,Albert Peng,Girish S. Munavalli,Mary E. Maloney,,,,,,,,,,,,,,,,,,,,,,,,,,,,
Thomas E. Rohrer,"Daniel J. Callaghan, III",Brian Raphael,Adele Haimovic,Nicola A. Quatrano,Vivek Iyengar,Ashish Bhatia,R. Sonia Batra,Wendy S. Long,Megan Bogart,Eric Parlette,Naissan Wesley,Jessica E. Maddox,Priya Batra,Chung-Yin (Stanley) Chan,Matteo LoPiccolo,Kathryn Kent,Laura Kruter,Kara Hoverson,Leah Spring,Courtney Gwinn,,,,,,,,,,,,,,,,,,,,,
Thomas Stasko,Anna A. Clayton,Luciano Lorizzo,Wilfred Lumbang,Allison Hanlon,Alan Levy,Amy Ross,Steven Ritter,Fiona O'Reilly-Zwald,William B. Henghold,Hunter Sams,Joseph Michael Webb,Kristen A. Richards,Judy K. Chiang,Mark Russell,Michel A. McDonald,Theodore S. Sebastien,Marian L. MacDonald,,,,,,,,,,,,,,,,,,,,,,,,
Timothy M. Johnson,Bruce R. Nelson,Christopher K. Bichakjian,Darrell J. Fader,Timothy S. Wang,Darius J. Karimipour,Jeffrey Scott Orringer,Montegomery O. Gillard,Amy K. Gira,Sandra Paek,Mathew W. Ludgate,Evans Bailey,Missale Mesfin,Mandy Harting,Matthew Fox,Alison Durham,Kelly Harms,Amy Orsini,Kira Mayo,Iris Noh,Noah Smith,,,,,,,,,,,,,,,,,,,,,
Timothy S. Brown,Ryan Bogner,William Adams,Michael McCall Jr,Matthew P. Hughes,Carol B. Thompson,Mark T. Haeberle,,,,,,,,,,,,,,,,,,,,,,,,,,,,,,,,,,,
Timothy S. Wang,Catherine Lee Tran,Heidi M. Hermes,Robert Egbers,Ashley Sullivan,,,,,,,,,,,,,,,,,,,,,,,,,,,,,,,,,,,,,
Todd V. Cartee,Allison R. Paine,Cassandra J. Simonetta,Sean T. McGuire,,,,,,,,,,,,,,,,,,,,,,,,,,,,,,,,,,,,,,
Travis W. Blalock,Igor Siniakov,Valerie L. Truong,Lauren P. Rimoin,,,,,,,,,,,,,,,,,,,,,,,,,,,,,,,,,,,,,,
Tri H. Nguyen,Michael R. Migden,Teris M. Chen,,,,,,,,,,,,,,,,,,,,,,,,,,,,,,,,,,,,,,,
Vicki J. Levine,Erica H. Lee,Christine Liang,,,,,,,,,,,,,,,,,,,,,,,,,,,,,,,,,,,,,,,
Victor Marks,Michael L. Ramsey,John G. Albertini,Michelle Algarin,Christine Papa,Concettina M. Peloro,Christine Rausch,Michael Todd,Christopher J. Miller,Chadwick Thomas,Hakeem Sam,Heidi Kozic,Nathan Hanson,Russell Akin,Stephanie Diamantis,Mark Suchter,Amy Delaney,,,,,,,,,,,,,,,,,,,,,,,,,
Whitney Tope,Peter K. Lee,Nobuyoshi Kageyama,Joseph J. Shaffer,Stephen Tan,,,,,,,,,,,,,,,,,,,,,,,,,,,,,,,,,,,,,
William H. Black,Meredith L. Orseth,,,,,,,,,,,,,,,,,,,,,,,,,,,,,,,,,,,,,,,,
William J. Grabski,James Powers,Richard Keller,Mary Farley,,,,,,,,,,,,,,,,,,,,,,,,,,,,,,,,,,,,,,
William Lear,Stephanie S. Howerter,Brandon M. Markus,,,,,,,,,,,,,,,,,,,,,,,,,,,,,,,,,,,,,,,
Willis Cottel,Naomi Lawrence,Christopher Conner,"Thornwell Parker, III",Steven A. Proper,Richard F. Wagner,,,,,,,,,,,,,,,,,,,,,,,,,,,,,,,,,,,,
Yaohaui (Gloria) Xu,,,,,,,,,,,,,,,,,,,,,,,,,,,,,,,,,,,,,,,,,
Yehuda D. Eliezri,Gina M. Marrero,Brian P. O’Donnell,James B. Caldwell,Edward B. Desciak,Jeffrey B. Smith,Wayne Wei-Jen Luo,Steve Oberemok,Thomas Chizen Yu,Elena Maydan,Carmen Campanelli,Michael Abrishami,Heather Rogers,,,,,,,,,,,,,,,,,,,,,,,,,,,,,
Zoran Gaspar,Lauren C. Young,,,,,,,,,,,,,,,,,,,,,,,,,,,,,,,,,,,,,,,,